{
  "2": {
    "greedy": {
      "accuracy": 0.045,
      "error": 0.012848842749446348
    },
    "beam": {
      "accuracy": 0.07200000000000001,
      "error": 0.016021246693063557
    }
  },
  "3": {
    "greedy": {
      "accuracy": 0.484,
      "error": 0.030974449961218037
    },
    "beam": {
      "accuracy": 0.6,
      "error": 0.030364189434266147
    }
  },
  "4": {
    "greedy": {
      "accuracy": 0.6940000000000001,
      "error": 0.028562519888833335
    },
    "beam": {
      "accuracy": 0.7709999999999999,
      "error": 0.02604359910611435
    }
  },
  "5": {
    "greedy": {
      "accuracy": 0.8340000000000001,
      "error": 0.023061796773018357
    },
    "beam": {
      "accuracy": 0.883,
      "error": 0.01992183569854947
    }
  },
  "6": {
    "greedy": {
      "accuracy": 0.848,
      "error": 0.02225234535054676
    },
    "beam": {
      "accuracy": 0.892,
      "error": 0.01923757722791516
    }
  },
  "7": {
    "greedy": {
      "accuracy": 0.865,
      "error": 0.021180246457489584
    },
    "beam": {
      "accuracy": 0.903,
      "error": 0.01834365246072875
    }
  },
  "8": {
    "greedy": {
      "accuracy": 0.862,
      "error": 0.02137712257531401
    },
    "beam": {
      "accuracy": 0.909,
      "error": 0.017826197306212
    }
  },
  "9": {
    "greedy": {
      "accuracy": 0.861,
      "error": 0.021441987930226992
    },
    "beam": {
      "accuracy": 0.9059999999999999,
      "error": 0.018087731267353576
    }
  },
  "10": {
    "greedy": {
      "accuracy": 0.875,
      "error": 0.02049817065008485
    },
    "beam": {
      "accuracy": 0.914,
      "error": 0.01737714379292523
    }
  },
  "11": {
    "greedy": {
      "accuracy": 0.872,
      "error": 0.02070710084970854
    },
    "beam": {
      "accuracy": 0.9,
      "error": 0.018594192641790068
    }
  },
  "12": {
    "greedy": {
      "accuracy": 0.878,
      "error": 0.020285384531726285
    },
    "beam": {
      "accuracy": 0.9109999999999999,
      "error": 0.017648600125789022
    }
  },
  "13": {
    "greedy": {
      "accuracy": 0.888,
      "error": 0.019546615297795167
    },
    "beam": {
      "accuracy": 0.914,
      "error": 0.01737714379292523
    }
  },
  "14": {
    "greedy": {
      "accuracy": 0.875,
      "error": 0.02049817065008485
    },
    "beam": {
      "accuracy": 0.9,
      "error": 0.018594192641790068
    }
  },
  "15": {
    "greedy": {
      "accuracy": 0.894,
      "error": 0.019079973333314695
    },
    "beam": {
      "accuracy": 0.9179999999999999,
      "error": 0.017005301573332954
    }
  },
  "16": {
    "greedy": {
      "accuracy": 0.915,
      "error": 0.017285266558546324
    },
    "beam": {
      "accuracy": 0.937,
      "error": 0.01505900028554352
    }
  },
  "17": {
    "greedy": {
      "accuracy": 0.899,
      "error": 0.018676547818052457
    },
    "beam": {
      "accuracy": 0.9179999999999999,
      "error": 0.017005301573332954
    }
  },
  "18": {
    "greedy": {
      "accuracy": 0.907,
      "error": 0.0180011888940703
    },
    "beam": {
      "accuracy": 0.929,
      "error": 0.015918168688640027
    }
  },
  "19": {
    "greedy": {
      "accuracy": 0.909,
      "error": 0.017826197306212
    },
    "beam": {
      "accuracy": 0.9279999999999999,
      "error": 0.016021246693063564
    }
  },
  "20": {
    "greedy": {
      "accuracy": 0.917,
      "error": 0.017099357227685488
    },
    "beam": {
      "accuracy": 0.9390000000000001,
      "error": 0.014833846648796117
    }
  }
}